<?xml version='1.0' encoding='UTF-8' ?>
<timeLogEntries>
  <time id="1" path="/DATAMIND/PSP0-DATAMIND/Planning" start="@1693972220383" delta="35" />
  <time id="2" path="/DATAMIND/PSP0-DATAMIND/Planning" start="@1693977987412" delta="7" />
  <time id="3" path="/DATAMIND/PSP0-DATAMIND/Planning" start="@1694139480067" delta="19" />
  <time id="4" path="/DATAMIND/PSP0-DATAMIND/Planning" start="@1694231805415" delta="24" />
  <time id="5" path="/DATAMIND/PSP0-DATAMIND/Planning" start="@1694319461745" delta="111" />
  <time id="6" path="/DATAMIND/PSP0-DATAMIND/Design" start="@1694398746765" delta="50" />
  <time id="7" path="/DATAMIND/PSP1-DATAMIND/Design" start="@1695084373663" delta="145" />
  <time id="8" path="/DATAMIND/PSP1-DATAMIND/Design" start="@1695613307126" delta="62" />
  <time id="9" path="/DATAMIND/PSP1-DATAMIND/Code" start="@1696222004541" delta="21" />
  <time id="10" path="/DATAMIND/PSP1-DATAMIND/Code" start="@1696471437711" delta="40" interrupt="6" />
  <time id="11" path="/DATAMIND/PSP1-DATAMIND/Code" start="@1696553975599" delta="69" />
  <time id="12" path="/DATAMIND/PSP1-DATAMIND/Code" start="@1696560031771" delta="39" />
  <time id="13" path="/DATAMIND/PSP1-DATAMIND/Code" start="@1696565100166" delta="90" />
  <time id="14" path="/DATAMIND/PSP1-DATAMIND/Code" start="@1696614736936" delta="31" />
  <time id="15" path="/DATAMIND/PSP1-DATAMIND/Code" start="@1696634552985" delta="22" interrupt="1" />
  <time id="16" path="/DATAMIND/PSP1-DATAMIND/Code" start="@1696651037144" delta="25" />
  <time id="17" path="/DATAMIND/PSP1-DATAMIND/Design" start="@1696652574454" delta="73" />
  <time id="18" path="/DATAMIND/PSP1-DATAMIND/Planning" start="@1696740838397" delta="66" />
  <time id="19" path="/DATAMIND/PSP1-DATAMIND/Compile" start="@1696819266309" delta="7" />
  <time id="20" path="/DATAMIND/PSP1-DATAMIND/Code" start="@1696821591248" delta="23" />
  <time id="21" path="/DATAMIND/PSP1-DATAMIND/Test" start="@1696823669445" delta="7" />
  <time id="22" path="/DATAMIND/PSP1-DATAMIND/Code" start="@1696824171991" delta="14" />
  <time id="23" path="/DATAMIND/PSP1-DATAMIND/Compile" start="@1696824986748" delta="1" />
  <time id="24" path="/DATAMIND/PSP1-DATAMIND/Test" start="@1696825055716" delta="11" />
  <time id="25" path="/DATAMIND/PSP2-DATAMIND/Code" start="@1696984379011" delta="9" />
  <time id="26" path="/DATAMIND/PSP2-DATAMIND/Code" start="@1696985601565" delta="68" />
  <time id="27" path="/DATAMIND/PSP2-DATAMIND/Code" start="@1697071531341" delta="10" />
  <time id="28" path="/DATAMIND/PSP2-DATAMIND/Code" start="@1697072892741" delta="66" />
  <time id="29" path="/DATAMIND/PSP2-DATAMIND/Code" start="@1697079240413" delta="15" />
  <time id="30" path="/DATAMIND/PSP2-DATAMIND/Code" start="@1697165009317" delta="44" />
</timeLogEntries>
